;index.html;introduction;Introduction;Simulum is introduced
;screenshots.html;screen shots;Screen Shots
;samples.html;samples;Sample Animation;examples to view
+;smp01.html;smp01;Circular Movement;;
+;smp02.html;smp02;Linear Movement;;
+;smp03.html;smp03;Gravity;;
;osamples.html;old samples;Old Example Animations;examples to view created with the old version
+;circular.html;circular;Circular Movement
++;sample1.html;sample1;;;n
++;sample2.html;sample2;;;n
++;sample3.html;sample3;;;n
++;sample4.html;sample4;;;n
+;linear.html;linear;Linear Movement
++;sample5.html;sample5;;;n
++;sample6.html;sample6;;;n
++;sample7.html;sample7;;;n
++;sample8.html;sample8;;;n
+;wild.html;wild;Some wild samples
++;sample11.html;sample11;;;n
++;sample12.html;sample12;;;n
++;sample13.html;sample13;;;n
++;sample14.html;sample14;;;n
++;sample15.html;sample15;;;n
++;sample16.html;sample16;;;n
++;sample17.html;sample17;;;n
++;sample18.html;sample18;;;n
++;sample19.html;sample19;;;n
++;sample20.html;sample20;;;n
++;sample21.html;sample21;;;n
++;sample22.html;sample22;;;n
++;sample23.html;sample23;;;n
;physics.html;physics;Physical Modeling;a little bit physical background
;news.html;news;News;what is new;
;download.html;download;Download;get the source and executables
+;webstart.html;webstart;Java Web Start;information and installation
;planning.html;planning;Planning;what to come
;technics.html;technics;Technical Background and Implementation;specific coding problems
;contact.html;contact;Contact